<?xml version="1.0"?>
<cena version="0.8.1"><result judgetime="40820.4852484722"><problem title="&#x304B;&#x306A;&#x3067;&#x7B2C;3&#x9898;" filename="" status="14" hash="0" detail=""><testcase status="14" exitcode="0" detail="" time="0" memory="0" score="0"/><testcase status="14" exitcode="0" detail="" time="0" memory="0" score="0"/><testcase status="14" exitcode="0" detail="" time="0" memory="0" score="0"/><testcase status="14" exitcode="0" detail="" time="0" memory="0" score="0"/><testcase status="14" exitcode="0" detail="" time="0" memory="0" score="0"/><testcase status="14" exitcode="0" detail="" time="0" memory="0" score="0"/><testcase status="14" exitcode="0" detail="" time="0" memory="0" score="0"/><testcase status="14" exitcode="0" detail="" time="0" memory="0" score="0"/><testcase status="14" exitcode="0" detail="" time="0" memory="0" score="0"/><testcase status="14" exitcode="0" detail="" time="0" memory="0" score="0"/></problem><problem title="&#x3086;&#x308A;&#x3063;&#x307A;&#x7B2C;1&#x9898;" filename="&#x3086;&#x308A;&#x3063;&#x307A;.cpp" status="1" hash="343664654" detail=""><testcase status="7" exitcode="0" detail="" time="0.01" memory="10920" score="10"/><testcase status="8" exitcode="0" detail="" time="0.01" memory="10920" score="0"/><testcase status="9" exitcode="0" detail="" time="0.07" memory="10920" score="4"/><testcase status="9" exitcode="0" detail="" time="0.04" memory="10920" score="4"/><testcase status="3" exitcode="1" detail="" time="1.515625" memory="10920" score="0"/><testcase status="3" exitcode="1" detail="" time="1.5625" memory="10920" score="0"/><testcase status="3" exitcode="1" detail="" time="1.53125" memory="10920" score="0"/><testcase status="3" exitcode="1" detail="" time="1.578125" memory="10920" score="0"/><testcase status="3" exitcode="1" detail="" time="1.53125" memory="10920" score="0"/><testcase status="3" exitcode="1" detail="" time="1.546875" memory="10920" score="0"/></problem><problem title="&#x30E6;&#x30A4;&#x7B2C;2&#x9898;" filename="&#x30E6;&#x30A4;.cpp" status="1" hash="1352871139" detail=""><testcase status="8" exitcode="0" detail="" time="0.01" memory="216" score="0"/><testcase status="9" exitcode="0" detail="" time="0.01" memory="216" score="1"/><testcase status="7" exitcode="0" detail="" time="0.01" memory="216" score="10"/><testcase status="7" exitcode="0" detail="" time="0.01" memory="216" score="10"/><testcase status="9" exitcode="0" detail="" time="0.01" memory="216" score="1"/><testcase status="9" exitcode="0" detail="" time="0.01" memory="216" score="1"/><testcase status="9" exitcode="0" detail="" time="0.01" memory="216" score="1"/><testcase status="9" exitcode="0" detail="" time="0.01" memory="216" score="1"/><testcase status="9" exitcode="0" detail="" time="0.01" memory="216" score="1"/><testcase status="9" exitcode="0" detail="" time="0.01" memory="216" score="4"/></problem></result></cena>
