<?xml version="1.0"?>
<cena version="0.8.1"><result judgetime="40820.7150240972"><problem title="&#x304B;&#x306A;&#x3067;&#x7B2C;3&#x9898;" filename="&#x304B;&#x306A;&#x3067;.c" status="16" hash="2849717377" detail=""><testcase status="7" exitcode="0" detail="" time="0.01" memory="216" score="10"/><testcase status="8" exitcode="0" detail="&#x9009;&#x624B;&#x8F93;&#x51FA;&#x6BD4;&#x6807;&#x51C6;&#x8F93;&#x51FA;&#x957F;&#x3002;" time="0.01" memory="216" score="0"/><testcase status="8" exitcode="0" detail="&#x9009;&#x624B;&#x8F93;&#x51FA;&#x6BD4;&#x6807;&#x51C6;&#x8F93;&#x51FA;&#x957F;&#x3002;" time="0.01" memory="216" score="0"/><testcase status="8" exitcode="0" detail="&#x5728;&#x7B2C; 1 &#x884C;:&#13;&#10;----&#x9009;&#x624B;&#x8F93;&#x51FA;&#x7684;&#x7B2C; 1 &#x5217;----&#13;&#10;&gt;12&#13;&#10;----&#x6807;&#x51C6;&#x8F93;&#x51FA;&#x7684;&#x7B2C; 1 &#x5217;----&#13;&#10;&gt;0" time="0.03" memory="216" score="0"/><testcase status="8" exitcode="0" detail="&#x5728;&#x7B2C; 1 &#x884C;:&#13;&#10;----&#x9009;&#x624B;&#x8F93;&#x51FA;&#x7684;&#x7B2C; 1 &#x5217;----&#13;&#10;&gt;42&#13;&#10;----&#x6807;&#x51C6;&#x8F93;&#x51FA;&#x7684;&#x7B2C; 1 &#x5217;----&#13;&#10;&gt;355" time="0.01" memory="216" score="0"/><testcase status="8" exitcode="0" detail="&#x5728;&#x7B2C; 1 &#x884C;:&#13;&#10;----&#x9009;&#x624B;&#x8F93;&#x51FA;&#x7684;&#x7B2C; 1 &#x5217;----&#13;&#10;&gt;42&#13;&#10;----&#x6807;&#x51C6;&#x8F93;&#x51FA;&#x7684;&#x7B2C; 1 &#x5217;----&#13;&#10;&gt;1847" time="0.01" memory="216" score="0"/><testcase status="8" exitcode="0" detail="&#x5728;&#x7B2C; 1 &#x884C;:&#13;&#10;----&#x9009;&#x624B;&#x8F93;&#x51FA;&#x7684;&#x7B2C; 2 &#x5217;----&#13;&#10;&gt;...2&#13;&#10;----&#x6807;&#x51C6;&#x8F93;&#x51FA;&#x7684;&#x7B2C; 2 &#x5217;----&#13;&#10;&gt;...003" time="0.03" memory="216" score="0"/><testcase status="8" exitcode="0" detail="&#x9009;&#x624B;&#x8F93;&#x51FA;&#x6BD4;&#x6807;&#x51C6;&#x8F93;&#x51FA;&#x957F;&#x3002;" time="0.01" memory="216" score="0"/><testcase status="8" exitcode="0" detail="&#x5728;&#x7B2C; 1 &#x884C;:&#13;&#10;----&#x9009;&#x624B;&#x8F93;&#x51FA;&#x7684;&#x7B2C; 2 &#x5217;----&#13;&#10;&gt;...2&#13;&#10;----&#x6807;&#x51C6;&#x8F93;&#x51FA;&#x7684;&#x7B2C; 2 &#x5217;----&#13;&#10;&gt;...093" time="0.01" memory="216" score="0"/><testcase status="8" exitcode="0" detail="&#x5728;&#x7B2C; 1 &#x884C;:&#13;&#10;----&#x9009;&#x624B;&#x8F93;&#x51FA;&#x7684;&#x7B2C; 2 &#x5217;----&#13;&#10;&gt;...2&#13;&#10;----&#x6807;&#x51C6;&#x8F93;&#x51FA;&#x7684;&#x7B2C; 2 &#x5217;----&#13;&#10;&gt;...645" time="0.01" memory="216" score="0"/></problem><problem title="&#x3086;&#x308A;&#x3063;&#x307A;&#x7B2C;1&#x9898;" filename="&#x3086;&#x308A;&#x3063;&#x307A;.c" status="1" hash="1708708904" detail=""><testcase status="7" exitcode="0" detail="" time="0" memory="33536" score="10"/><testcase status="7" exitcode="0" detail="" time="0" memory="33536" score="10"/><testcase status="7" exitcode="0" detail="" time="0.07" memory="33536" score="10"/><testcase status="7" exitcode="0" detail="" time="0.04" memory="33536" score="10"/><testcase status="7" exitcode="0" detail="" time="0.53" memory="33536" score="10"/><testcase status="7" exitcode="0" detail="" time="0.56" memory="33536" score="10"/><testcase status="7" exitcode="0" detail="" time="0.73" memory="33536" score="10"/><testcase status="7" exitcode="0" detail="" time="0.79" memory="33536" score="10"/><testcase status="7" exitcode="0" detail="" time="1.12" memory="33536" score="10"/><testcase status="7" exitcode="0" detail="" time="1.18" memory="33536" score="10"/></problem><problem title="&#x30E6;&#x30A4;&#x7B2C;2&#x9898;" filename="&#x30E6;&#x30A4;.c" status="1" hash="2028550212" detail=""><testcase status="7" exitcode="0" detail="" time="0.01" memory="216" score="10"/><testcase status="7" exitcode="0" detail="" time="0.01" memory="216" score="10"/><testcase status="7" exitcode="0" detail="" time="0.01" memory="216" score="10"/><testcase status="7" exitcode="0" detail="" time="0.01" memory="216" score="10"/><testcase status="7" exitcode="0" detail="" time="0.01" memory="216" score="10"/><testcase status="7" exitcode="0" detail="" time="0.01" memory="216" score="10"/><testcase status="7" exitcode="0" detail="" time="0.01" memory="216" score="10"/><testcase status="7" exitcode="0" detail="" time="0.01" memory="216" score="10"/><testcase status="7" exitcode="0" detail="" time="0.01" memory="216" score="10"/><testcase status="7" exitcode="0" detail="" time="0.01" memory="216" score="10"/></problem></result></cena>
