<?xml version="1.0"?>
<cena version="0.8.1"><result judgetime="40820.6746653009"><problem title="&#x304B;&#x306A;&#x3067;&#x7B2C;3&#x9898;" filename="" status="14" hash="0" detail=""><testcase status="14" exitcode="0" detail="" time="0" memory="0" score="0"/><testcase status="14" exitcode="0" detail="" time="0" memory="0" score="0"/><testcase status="14" exitcode="0" detail="" time="0" memory="0" score="0"/><testcase status="14" exitcode="0" detail="" time="0" memory="0" score="0"/><testcase status="14" exitcode="0" detail="" time="0" memory="0" score="0"/><testcase status="14" exitcode="0" detail="" time="0" memory="0" score="0"/><testcase status="14" exitcode="0" detail="" time="0" memory="0" score="0"/><testcase status="14" exitcode="0" detail="" time="0" memory="0" score="0"/><testcase status="14" exitcode="0" detail="" time="0" memory="0" score="0"/><testcase status="14" exitcode="0" detail="" time="0" memory="0" score="0"/></problem><problem title="&#x3086;&#x308A;&#x3063;&#x307A;&#x7B2C;1&#x9898;" filename="&#x3086;&#x308A;&#x3063;&#x307A;.cpp" status="1" hash="3628580496" detail=""><testcase status="7" exitcode="0" detail="" time="0.01" memory="64356" score="10"/><testcase status="7" exitcode="0" detail="" time="0.01" memory="64356" score="10"/><testcase status="7" exitcode="0" detail="" time="0.14" memory="64356" score="10"/><testcase status="7" exitcode="0" detail="" time="0.07" memory="64356" score="10"/><testcase status="7" exitcode="0" detail="" time="0.85" memory="64356" score="10"/><testcase status="7" exitcode="0" detail="" time="0.9" memory="64356" score="10"/><testcase status="7" exitcode="0" detail="" time="0.98" memory="64356" score="10"/><testcase status="7" exitcode="0" detail="" time="1.06" memory="64356" score="10"/><testcase status="7" exitcode="0" detail="" time="1.21" memory="64356" score="10"/><testcase status="7" exitcode="0" detail="" time="1.32" memory="64356" score="10"/></problem><problem title="&#x30E6;&#x30A4;&#x7B2C;2&#x9898;" filename="&#x30E6;&#x30A4;.cpp" status="1" hash="817739851" detail=""><testcase status="7" exitcode="0" detail="" time="0" memory="284" score="10"/><testcase status="7" exitcode="0" detail="" time="0" memory="284" score="10"/><testcase status="7" exitcode="0" detail="" time="0" memory="284" score="10"/><testcase status="7" exitcode="0" detail="" time="0" memory="284" score="10"/><testcase status="7" exitcode="0" detail="" time="0" memory="284" score="10"/><testcase status="7" exitcode="0" detail="" time="0" memory="284" score="10"/><testcase status="7" exitcode="0" detail="" time="0.01" memory="284" score="10"/><testcase status="7" exitcode="0" detail="" time="0" memory="284" score="10"/><testcase status="7" exitcode="0" detail="" time="0" memory="284" score="10"/><testcase status="7" exitcode="0" detail="" time="0" memory="284" score="10"/></problem></result></cena>
