<?xml version="1.0"?>
<cena version="0.8.1"><result judgetime="40820.4837516204"><problem title="&#x304B;&#x306A;&#x3067;&#x7B2C;3&#x9898;" filename="&#x304B;&#x306A;&#x3067;.cpp" status="1" hash="451475417" detail=""><testcase status="7" exitcode="0" detail="" time="0.01" memory="91232" score="10"/><testcase status="7" exitcode="0" detail="" time="0.01" memory="91232" score="10"/><testcase status="7" exitcode="0" detail="" time="0.01" memory="91232" score="10"/><testcase status="7" exitcode="0" detail="" time="0.01" memory="91232" score="10"/><testcase status="7" exitcode="0" detail="" time="0.03" memory="91232" score="10"/><testcase status="7" exitcode="0" detail="" time="0.14" memory="91232" score="10"/><testcase status="7" exitcode="0" detail="" time="1.03" memory="91232" score="10"/><testcase status="7" exitcode="0" detail="" time="0.01" memory="91232" score="10"/><testcase status="7" exitcode="0" detail="" time="0.23" memory="91232" score="10"/><testcase status="7" exitcode="0" detail="" time="1" memory="91232" score="10"/></problem><problem title="&#x3086;&#x308A;&#x3063;&#x307A;&#x7B2C;1&#x9898;" filename="&#x3086;&#x308A;&#x3063;&#x307A;.cpp" status="1" hash="1004166967" detail=""><testcase status="7" exitcode="0" detail="" time="0.01" memory="88772" score="10"/><testcase status="7" exitcode="0" detail="" time="0.01" memory="88772" score="10"/><testcase status="7" exitcode="0" detail="" time="0.15" memory="88772" score="10"/><testcase status="7" exitcode="0" detail="" time="0.07" memory="88772" score="10"/><testcase status="7" exitcode="0" detail="" time="0.6" memory="88772" score="10"/><testcase status="7" exitcode="0" detail="" time="0.62" memory="88772" score="10"/><testcase status="7" exitcode="0" detail="" time="0.65" memory="88772" score="10"/><testcase status="7" exitcode="0" detail="" time="0.71" memory="88772" score="10"/><testcase status="7" exitcode="0" detail="" time="0.84" memory="88772" score="10"/><testcase status="7" exitcode="0" detail="" time="0.89" memory="88772" score="10"/></problem><problem title="&#x30E6;&#x30A4;&#x7B2C;2&#x9898;" filename="&#x30E6;&#x30A4;.cpp" status="1" hash="1045470716" detail=""><testcase status="7" exitcode="0" detail="" time="0.01" memory="232" score="10"/><testcase status="7" exitcode="0" detail="" time="0.01" memory="232" score="10"/><testcase status="7" exitcode="0" detail="" time="0.01" memory="232" score="10"/><testcase status="7" exitcode="0" detail="" time="0.01" memory="232" score="10"/><testcase status="7" exitcode="0" detail="" time="0.01" memory="232" score="10"/><testcase status="7" exitcode="0" detail="" time="0.01" memory="232" score="10"/><testcase status="7" exitcode="0" detail="" time="0.01" memory="232" score="10"/><testcase status="7" exitcode="0" detail="" time="0.01" memory="232" score="10"/><testcase status="7" exitcode="0" detail="" time="0.01" memory="232" score="10"/><testcase status="7" exitcode="0" detail="" time="0.01" memory="232" score="10"/></problem></result></cena>
