<?xml version="1.0"?>
<cena version="0.8.1"><result judgetime="40820.7012668634"><problem title="&#x304B;&#x306A;&#x3067;&#x7B2C;3&#x9898;" filename="&#x304B;&#x306A;&#x3067;.cpp" status="1" hash="3771273791" detail=""><testcase status="8" exitcode="0" detail="&#x5728;&#x7B2C; 1 &#x884C;:&#13;&#10;----&#x9009;&#x624B;&#x8F93;&#x51FA;&#x7684;&#x7B2C; 1 &#x5217;----&#13;&#10;&gt;&#x51FA;&#x8FD9;&#x5957;...&#13;&#10;----&#x6807;&#x51C6;&#x8F93;&#x51FA;&#x7684;&#x7B2C; 1 &#x5217;----&#13;&#10;&gt;2" time="0" memory="284" score="0"/><testcase status="8" exitcode="0" detail="&#x5728;&#x7B2C; 1 &#x884C;:&#13;&#10;----&#x9009;&#x624B;&#x8F93;&#x51FA;&#x7684;&#x7B2C; 1 &#x5217;----&#13;&#10;&gt;&#x51FA;&#x8FD9;&#x5957;...&#13;&#10;----&#x6807;&#x51C6;&#x8F93;&#x51FA;&#x7684;&#x7B2C; 1 &#x5217;----&#13;&#10;&gt;1" time="0" memory="284" score="0"/><testcase status="8" exitcode="0" detail="&#x5728;&#x7B2C; 1 &#x884C;:&#13;&#10;----&#x9009;&#x624B;&#x8F93;&#x51FA;&#x7684;&#x7B2C; 1 &#x5217;----&#13;&#10;&gt;&#x51FA;&#x8FD9;&#x5957;...&#13;&#10;----&#x6807;&#x51C6;&#x8F93;&#x51FA;&#x7684;&#x7B2C; 1 &#x5217;----&#13;&#10;&gt;4" time="0.01" memory="284" score="0"/><testcase status="8" exitcode="0" detail="&#x5728;&#x7B2C; 1 &#x884C;:&#13;&#10;----&#x9009;&#x624B;&#x8F93;&#x51FA;&#x7684;&#x7B2C; 1 &#x5217;----&#13;&#10;&gt;&#x51FA;&#x8FD9;&#x5957;...&#13;&#10;----&#x6807;&#x51C6;&#x8F93;&#x51FA;&#x7684;&#x7B2C; 1 &#x5217;----&#13;&#10;&gt;0" time="0" memory="284" score="0"/><testcase status="8" exitcode="0" detail="&#x5728;&#x7B2C; 1 &#x884C;:&#13;&#10;----&#x9009;&#x624B;&#x8F93;&#x51FA;&#x7684;&#x7B2C; 1 &#x5217;----&#13;&#10;&gt;&#x51FA;&#x8FD9;&#x5957;...&#13;&#10;----&#x6807;&#x51C6;&#x8F93;&#x51FA;&#x7684;&#x7B2C; 1 &#x5217;----&#13;&#10;&gt;355" time="0" memory="284" score="0"/><testcase status="8" exitcode="0" detail="&#x5728;&#x7B2C; 1 &#x884C;:&#13;&#10;----&#x9009;&#x624B;&#x8F93;&#x51FA;&#x7684;&#x7B2C; 1 &#x5217;----&#13;&#10;&gt;&#x51FA;&#x8FD9;&#x5957;...&#13;&#10;----&#x6807;&#x51C6;&#x8F93;&#x51FA;&#x7684;&#x7B2C; 1 &#x5217;----&#13;&#10;&gt;1847" time="0" memory="284" score="0"/><testcase status="8" exitcode="0" detail="&#x5728;&#x7B2C; 1 &#x884C;:&#13;&#10;----&#x9009;&#x624B;&#x8F93;&#x51FA;&#x7684;&#x7B2C; 1 &#x5217;----&#13;&#10;&gt;&#x51FA;&#x8FD9;&#x5957;...&#13;&#10;----&#x6807;&#x51C6;&#x8F93;&#x51FA;&#x7684;&#x7B2C; 1 &#x5217;----&#13;&#10;&gt;4003" time="0" memory="284" score="0"/><testcase status="8" exitcode="0" detail="&#x5728;&#x7B2C; 1 &#x884C;:&#13;&#10;----&#x9009;&#x624B;&#x8F93;&#x51FA;&#x7684;&#x7B2C; 1 &#x5217;----&#13;&#10;&gt;&#x51FA;&#x8FD9;&#x5957;...&#13;&#10;----&#x6807;&#x51C6;&#x8F93;&#x51FA;&#x7684;&#x7B2C; 1 &#x5217;----&#13;&#10;&gt;4" time="0" memory="284" score="0"/><testcase status="8" exitcode="0" detail="&#x5728;&#x7B2C; 1 &#x884C;:&#13;&#10;----&#x9009;&#x624B;&#x8F93;&#x51FA;&#x7684;&#x7B2C; 1 &#x5217;----&#13;&#10;&gt;&#x51FA;&#x8FD9;&#x5957;...&#13;&#10;----&#x6807;&#x51C6;&#x8F93;&#x51FA;&#x7684;&#x7B2C; 1 &#x5217;----&#13;&#10;&gt;4093" time="0" memory="284" score="0"/><testcase status="8" exitcode="0" detail="&#x5728;&#x7B2C; 1 &#x884C;:&#13;&#10;----&#x9009;&#x624B;&#x8F93;&#x51FA;&#x7684;&#x7B2C; 1 &#x5217;----&#13;&#10;&gt;&#x51FA;&#x8FD9;&#x5957;...&#13;&#10;----&#x6807;&#x51C6;&#x8F93;&#x51FA;&#x7684;&#x7B2C; 1 &#x5217;----&#13;&#10;&gt;4645" time="0" memory="284" score="0"/></problem><problem title="&#x3086;&#x308A;&#x3063;&#x307A;&#x7B2C;1&#x9898;" filename="&#x3086;&#x308A;&#x3063;&#x307A;.cpp" status="1" hash="1964252684" detail=""><testcase status="7" exitcode="0" detail="" time="0" memory="46568" score="10"/><testcase status="7" exitcode="0" detail="" time="0" memory="46568" score="10"/><testcase status="7" exitcode="0" detail="" time="0" memory="46568" score="10"/><testcase status="7" exitcode="0" detail="" time="0.01" memory="46568" score="10"/><testcase status="7" exitcode="0" detail="" time="0" memory="46568" score="10"/><testcase status="7" exitcode="0" detail="" time="0.01" memory="46568" score="10"/><testcase status="7" exitcode="0" detail="" time="0.21" memory="46568" score="10"/><testcase status="7" exitcode="0" detail="" time="0.28" memory="46568" score="10"/><testcase status="7" exitcode="0" detail="" time="0.59" memory="46568" score="10"/><testcase status="7" exitcode="0" detail="" time="0.68" memory="46568" score="10"/></problem><problem title="&#x30E6;&#x30A4;&#x7B2C;2&#x9898;" filename="&#x30E6;&#x30A4;.cpp" status="1" hash="2319021713" detail=""><testcase status="7" exitcode="0" detail="" time="0" memory="284" score="10"/><testcase status="7" exitcode="0" detail="" time="0" memory="284" score="10"/><testcase status="7" exitcode="0" detail="" time="0.01" memory="284" score="10"/><testcase status="7" exitcode="0" detail="" time="0" memory="284" score="10"/><testcase status="7" exitcode="0" detail="" time="0" memory="284" score="10"/><testcase status="7" exitcode="0" detail="" time="0" memory="284" score="10"/><testcase status="7" exitcode="0" detail="" time="0" memory="284" score="10"/><testcase status="7" exitcode="0" detail="" time="0" memory="284" score="10"/><testcase status="7" exitcode="0" detail="" time="0" memory="284" score="10"/><testcase status="7" exitcode="0" detail="" time="0" memory="284" score="10"/></problem></result></cena>
