<?xml version="1.0"?>
<cena version="0.8.1"><result judgetime="40820.7097106944"><problem title="&#x304B;&#x306A;&#x3067;&#x7B2C;3&#x9898;" filename="&#x304B;&#x306A;&#x3067;.cpp" status="1" hash="2867879353" detail=""><testcase status="7" exitcode="0" detail="" time="0" memory="300" score="10"/><testcase status="7" exitcode="0" detail="" time="0" memory="300" score="10"/><testcase status="7" exitcode="0" detail="" time="0" memory="300" score="10"/><testcase status="7" exitcode="0" detail="" time="0" memory="300" score="10"/><testcase status="7" exitcode="0" detail="" time="0.01" memory="328" score="10"/><testcase status="7" exitcode="0" detail="" time="0.2" memory="1900" score="10"/><testcase status="7" exitcode="0" detail="" time="1.12" memory="9456" score="10"/><testcase status="7" exitcode="0" detail="" time="0" memory="300" score="10"/><testcase status="7" exitcode="0" detail="" time="0.21" memory="2232" score="10"/><testcase status="7" exitcode="0" detail="" time="0.96" memory="8552" score="10"/></problem><problem title="&#x3086;&#x308A;&#x3063;&#x307A;&#x7B2C;1&#x9898;" filename="&#x3086;&#x308A;&#x3063;&#x307A;.cpp" status="1" hash="3053056199" detail=""><testcase status="7" exitcode="0" detail="" time="0.01" memory="80952" score="10"/><testcase status="7" exitcode="0" detail="" time="0.01" memory="80952" score="10"/><testcase status="7" exitcode="0" detail="" time="0.12" memory="80952" score="10"/><testcase status="7" exitcode="0" detail="" time="0.06" memory="80952" score="10"/><testcase status="7" exitcode="0" detail="" time="0.6" memory="80952" score="10"/><testcase status="7" exitcode="0" detail="" time="0.62" memory="80952" score="10"/><testcase status="7" exitcode="0" detail="" time="0.78" memory="80952" score="10"/><testcase status="7" exitcode="0" detail="" time="0.84" memory="80952" score="10"/><testcase status="7" exitcode="0" detail="" time="1.12" memory="80952" score="10"/><testcase status="7" exitcode="0" detail="" time="1.15" memory="80952" score="10"/></problem><problem title="&#x30E6;&#x30A4;&#x7B2C;2&#x9898;" filename="&#x30E6;&#x30A4;.cpp" status="1" hash="3946033251" detail=""><testcase status="7" exitcode="0" detail="" time="0.01" memory="216" score="10"/><testcase status="7" exitcode="0" detail="" time="0.01" memory="216" score="10"/><testcase status="7" exitcode="0" detail="" time="0.01" memory="216" score="10"/><testcase status="7" exitcode="0" detail="" time="0.01" memory="216" score="10"/><testcase status="7" exitcode="0" detail="" time="0.01" memory="216" score="10"/><testcase status="7" exitcode="0" detail="" time="0.01" memory="216" score="10"/><testcase status="7" exitcode="0" detail="" time="0.01" memory="216" score="10"/><testcase status="7" exitcode="0" detail="" time="0.01" memory="216" score="10"/><testcase status="7" exitcode="0" detail="" time="0.01" memory="216" score="10"/><testcase status="7" exitcode="0" detail="" time="0.01" memory="216" score="10"/></problem></result></cena>
