<?xml version="1.0"?>
<cena version="0.5.2"><result judgetime="40820.9825804745"><problem title="&#x304B;&#x306A;&#x3067;&#x7B2C;3&#x9898;" filename="" status="14" hash="0"><testcase status="14" exitcode="0" detail="" time="0" memory="0" score="0"/><testcase status="14" exitcode="0" detail="" time="0" memory="0" score="0"/><testcase status="14" exitcode="0" detail="" time="0" memory="0" score="0"/><testcase status="14" exitcode="0" detail="" time="0" memory="0" score="0"/><testcase status="14" exitcode="0" detail="" time="0" memory="0" score="0"/><testcase status="14" exitcode="0" detail="" time="0" memory="0" score="0"/><testcase status="14" exitcode="0" detail="" time="0" memory="0" score="0"/><testcase status="14" exitcode="0" detail="" time="0" memory="0" score="0"/><testcase status="14" exitcode="0" detail="" time="0" memory="0" score="0"/><testcase status="14" exitcode="0" detail="" time="0" memory="0" score="0"/></problem><problem title="&#x3086;&#x308A;&#x3063;&#x307A;&#x7B2C;1&#x9898;" filename="&#x3086;&#x308A;&#x3063;&#x307A;.cpp" status="1" hash="2049581092"><testcase status="7" exitcode="0" detail="" time="0.01" memory="21428" score="10"/><testcase status="7" exitcode="0" detail="" time="0.01" memory="21428" score="10"/><testcase status="7" exitcode="0" detail="" time="0.15" memory="21428" score="10"/><testcase status="7" exitcode="0" detail="" time="0.12" memory="21428" score="10"/><testcase status="7" exitcode="0" detail="" time="0.71" memory="21428" score="10"/><testcase status="7" exitcode="0" detail="" time="0.92" memory="21428" score="10"/><testcase status="7" exitcode="0" detail="" time="0.92" memory="21428" score="10"/><testcase status="7" exitcode="0" detail="" time="1.03" memory="21428" score="10"/><testcase status="7" exitcode="0" detail="" time="1.26" memory="21428" score="10"/><testcase status="7" exitcode="0" detail="" time="1.48" memory="21428" score="10"/></problem><problem title="&#x30E6;&#x30A4;&#x7B2C;2&#x9898;" filename="&#x30E6;&#x30A4;.cpp" status="1" hash="3997196233"><testcase status="7" exitcode="0" detail="" time="0.01" memory="220" score="10"/><testcase status="7" exitcode="0" detail="" time="0.01" memory="220" score="10"/><testcase status="7" exitcode="0" detail="" time="0.01" memory="220" score="10"/><testcase status="7" exitcode="0" detail="" time="0.01" memory="220" score="10"/><testcase status="7" exitcode="0" detail="" time="0.01" memory="220" score="10"/><testcase status="7" exitcode="0" detail="" time="0.01" memory="220" score="10"/><testcase status="7" exitcode="0" detail="" time="0.01" memory="220" score="10"/><testcase status="7" exitcode="0" detail="" time="0.01" memory="220" score="10"/><testcase status="7" exitcode="0" detail="" time="0.01" memory="220" score="10"/><testcase status="7" exitcode="0" detail="" time="0.01" memory="220" score="10"/></problem></result></cena>
