<?xml version="1.0"?>
<cena version="0.8.1"><result judgetime="40820.4822124537"><problem title="&#x304B;&#x306A;&#x3067;&#x7B2C;3&#x9898;" filename="" status="14" hash="0" detail=""><testcase status="14" exitcode="0" detail="" time="0" memory="0" score="0"/><testcase status="14" exitcode="0" detail="" time="0" memory="0" score="0"/><testcase status="14" exitcode="0" detail="" time="0" memory="0" score="0"/><testcase status="14" exitcode="0" detail="" time="0" memory="0" score="0"/><testcase status="14" exitcode="0" detail="" time="0" memory="0" score="0"/><testcase status="14" exitcode="0" detail="" time="0" memory="0" score="0"/><testcase status="14" exitcode="0" detail="" time="0" memory="0" score="0"/><testcase status="14" exitcode="0" detail="" time="0" memory="0" score="0"/><testcase status="14" exitcode="0" detail="" time="0" memory="0" score="0"/><testcase status="14" exitcode="0" detail="" time="0" memory="0" score="0"/></problem><problem title="&#x3086;&#x308A;&#x3063;&#x307A;&#x7B2C;1&#x9898;" filename="&#x3086;&#x308A;&#x3063;&#x307A;.pas" status="1" hash="1809684999" detail=""><testcase status="7" exitcode="0" detail="" time="0.01" memory="22632" score="10"/><testcase status="8" exitcode="0" detail="" time="0.01" memory="22632" score="0"/><testcase status="9" exitcode="0" detail="" time="0.01" memory="22632" score="4"/><testcase status="8" exitcode="0" detail="" time="0.01" memory="22632" score="0"/><testcase status="7" exitcode="0" detail="" time="0.01" memory="22632" score="10"/><testcase status="7" exitcode="0" detail="" time="0.01" memory="22632" score="10"/><testcase status="9" exitcode="0" detail="" time="0.17" memory="22632" score="4"/><testcase status="9" exitcode="0" detail="" time="0.23" memory="22632" score="4"/><testcase status="9" exitcode="0" detail="" time="0.54" memory="22632" score="4"/><testcase status="9" exitcode="0" detail="" time="0.62" memory="22632" score="4"/></problem><problem title="&#x30E6;&#x30A4;&#x7B2C;2&#x9898;" filename="&#x30E6;&#x30A4;.pas" status="1" hash="335420573" detail=""><testcase status="8" exitcode="0" detail="" time="0.01" memory="616" score="0"/><testcase status="9" exitcode="0" detail="" time="0.01" memory="616" score="2"/><testcase status="9" exitcode="0" detail="" time="0.01" memory="616" score="2"/><testcase status="9" exitcode="0" detail="" time="0.01" memory="616" score="2"/><testcase status="9" exitcode="0" detail="" time="0.01" memory="616" score="1"/><testcase status="9" exitcode="0" detail="" time="0.01" memory="616" score="1"/><testcase status="9" exitcode="0" detail="" time="0.01" memory="616" score="1"/><testcase status="9" exitcode="0" detail="" time="0.01" memory="616" score="4"/><testcase status="9" exitcode="0" detail="" time="0.03" memory="616" score="1"/><testcase status="7" exitcode="0" detail="" time="0.01" memory="616" score="10"/></problem></result></cena>
