<?xml version="1.0"?>
<cena version="0.8.1"><result judgetime="40820.6714166088"><problem title="&#x304B;&#x306A;&#x3067;&#x7B2C;3&#x9898;" filename="&#x304B;&#x306A;&#x3067;.cpp" status="1" hash="1611661253" detail=""><testcase status="8" exitcode="0" detail="&#x5728;&#x7B2C; 1 &#x884C;:&#13;&#10;----&#x9009;&#x624B;&#x8F93;&#x51FA;&#x7684;&#x7B2C; 1 &#x5217;----&#13;&#10;&gt;1&#13;&#10;----&#x6807;&#x51C6;&#x8F93;&#x51FA;&#x7684;&#x7B2C; 1 &#x5217;----&#13;&#10;&gt;2" time="0" memory="336" score="0"/><testcase status="7" exitcode="0" detail="" time="0.01" memory="336" score="10"/><testcase status="8" exitcode="0" detail="&#x5728;&#x7B2C; 1 &#x884C;:&#13;&#10;----&#x9009;&#x624B;&#x8F93;&#x51FA;&#x7684;&#x7B2C; 1 &#x5217;----&#13;&#10;&gt;1&#13;&#10;----&#x6807;&#x51C6;&#x8F93;&#x51FA;&#x7684;&#x7B2C; 1 &#x5217;----&#13;&#10;&gt;4" time="0" memory="336" score="0"/><testcase status="7" exitcode="0" detail="" time="0" memory="336" score="10"/><testcase status="8" exitcode="0" detail="&#x5728;&#x7B2C; 1 &#x884C;:&#13;&#10;----&#x9009;&#x624B;&#x8F93;&#x51FA;&#x7684;&#x7B2C; 1 &#x5217;----&#13;&#10;&gt;1&#13;&#10;----&#x6807;&#x51C6;&#x8F93;&#x51FA;&#x7684;&#x7B2C; 1 &#x5217;----&#13;&#10;&gt;355" time="0" memory="336" score="0"/><testcase status="8" exitcode="0" detail="&#x6807;&#x51C6;&#x8F93;&#x51FA;&#x6BD4;&#x9009;&#x624B;&#x8F93;&#x51FA;&#x957F;&#x3002;" time="0" memory="336" score="0"/><testcase status="8" exitcode="0" detail="&#x5728;&#x7B2C; 1 &#x884C;:&#13;&#10;----&#x9009;&#x624B;&#x8F93;&#x51FA;&#x7684;&#x7B2C; 1 &#x5217;----&#13;&#10;&gt;1&#13;&#10;----&#x6807;&#x51C6;&#x8F93;&#x51FA;&#x7684;&#x7B2C; 1 &#x5217;----&#13;&#10;&gt;4003" time="0" memory="336" score="0"/><testcase status="8" exitcode="0" detail="&#x5728;&#x7B2C; 1 &#x884C;:&#13;&#10;----&#x9009;&#x624B;&#x8F93;&#x51FA;&#x7684;&#x7B2C; 1 &#x5217;----&#13;&#10;&gt;1&#13;&#10;----&#x6807;&#x51C6;&#x8F93;&#x51FA;&#x7684;&#x7B2C; 1 &#x5217;----&#13;&#10;&gt;4" time="0" memory="336" score="0"/><testcase status="8" exitcode="0" detail="&#x5728;&#x7B2C; 1 &#x884C;:&#13;&#10;----&#x9009;&#x624B;&#x8F93;&#x51FA;&#x7684;&#x7B2C; 1 &#x5217;----&#13;&#10;&gt;1&#13;&#10;----&#x6807;&#x51C6;&#x8F93;&#x51FA;&#x7684;&#x7B2C; 1 &#x5217;----&#13;&#10;&gt;4093" time="0" memory="336" score="0"/><testcase status="8" exitcode="0" detail="&#x5728;&#x7B2C; 1 &#x884C;:&#13;&#10;----&#x9009;&#x624B;&#x8F93;&#x51FA;&#x7684;&#x7B2C; 1 &#x5217;----&#13;&#10;&gt;1&#13;&#10;----&#x6807;&#x51C6;&#x8F93;&#x51FA;&#x7684;&#x7B2C; 1 &#x5217;----&#13;&#10;&gt;4645" time="0" memory="336" score="0"/></problem><problem title="&#x3086;&#x308A;&#x3063;&#x307A;&#x7B2C;1&#x9898;" filename="&#x3086;&#x308A;&#x3063;&#x307A;.cpp" status="1" hash="1792105728" detail=""><testcase status="7" exitcode="0" detail="" time="0" memory="34060" score="10"/><testcase status="7" exitcode="0" detail="" time="0" memory="34060" score="10"/><testcase status="7" exitcode="0" detail="" time="0.14" memory="34060" score="10"/><testcase status="7" exitcode="0" detail="" time="0.04" memory="34060" score="10"/><testcase status="7" exitcode="0" detail="" time="0.67" memory="34060" score="10"/><testcase status="7" exitcode="0" detail="" time="0.68" memory="34060" score="10"/><testcase status="7" exitcode="0" detail="" time="0.73" memory="34060" score="10"/><testcase status="7" exitcode="0" detail="" time="0.81" memory="34060" score="10"/><testcase status="7" exitcode="0" detail="" time="0.87" memory="34060" score="10"/><testcase status="7" exitcode="0" detail="" time="0.89" memory="34060" score="10"/></problem><problem title="&#x30E6;&#x30A4;&#x7B2C;2&#x9898;" filename="&#x30E6;&#x30A4;.cpp" status="1" hash="373138563" detail=""><testcase status="15" exitcode="2" detail="" time="0" memory="284" score="0"/><testcase status="15" exitcode="2" detail="" time="0" memory="284" score="0"/><testcase status="15" exitcode="2" detail="" time="0" memory="284" score="0"/><testcase status="15" exitcode="2" detail="" time="0" memory="284" score="0"/><testcase status="15" exitcode="2" detail="" time="0.01" memory="284" score="0"/><testcase status="15" exitcode="2" detail="" time="0" memory="284" score="0"/><testcase status="15" exitcode="2" detail="" time="0" memory="284" score="0"/><testcase status="15" exitcode="2" detail="" time="0" memory="284" score="0"/><testcase status="15" exitcode="2" detail="" time="0" memory="284" score="0"/><testcase status="15" exitcode="2" detail="" time="0" memory="284" score="0"/></problem></result></cena>
